{
    "mse_decomp": {
        "TSLS": {
            "mse": 0.1517603652163943,
            "bias^2": 0.1459723491220184,
            "var": 0.005788016094375676
        },
        "LIML": {
            "mse": 0.01927451185872547,
            "bias^2": 8.265676305285952e-05,
            "var": 0.019191855095672616
        },
        "OLS": {
            "mse": 0.8447172108665499,
            "bias^2": 0.8435989620459367,
            "var": 0.0011182488206130019
        },
        "MHML": {
            "mse": 0.028654727047747977,
            "bias^2": 0.000600592577358537,
            "var": 0.028054134470389444
        },
        "PoolingMLP": {
            "mse": 0.04899851585516074,
            "bias^2": 0.044232059480729544,
            "var": 0.004766456374431181
        }
    },
    "timestamp": "2024-08-19 13:36:18.745849-04:00"
}